Country,Country Code,Series,Series Code,2024 [2024],2024M01 [2024M01],2024M02 [2024M02],2024M03 [2024M03],2024M04 [2024M04],2024M05 [2024M05],2024M06 [2024M06],2024M07 [2024M07],2024M08 [2024M08],2024M09 [2024M09],2024M10 [2024M10]
Advanced Economies,AME,"Official exchange rate, LCU per USD, period average,,",DPANUSLCU,..,..,..,..,..,..,..,..,..,..,..
Afghanistan,AFG,"Official exchange rate, LCU per USD, period average,,",DPANUSLCU,..,..,..,..,..,..,..,..,..,..,..
Albania,ALB,"Official exchange rate, LCU per USD, period average,,",DPANUSLCU,93.08458451217,95.21347826087,96.27714285714,95.14428571429,94.66568181818,93.0297826087,93.2175,92.54630434783,90.70704545455,89.49357142857,90.55105263158
Algeria,DZA,"Official exchange rate, LCU per USD, period average,,",DPANUSLCU,134.0453680229,134.30917391304,134.41588095238,134.38166666667,134.45520454546,134.36767391304,134.514975,134.30865217391,134.21009090909,132.48080952381,133.00955263158
Angola,AGO,"Official exchange rate, LCU per USD, period average,,",DPANUSLCU,871.91854208326,838.00247826087,838.68338095238,841.50854761905,841.94881818182,851.34352173913,863.2736,881.72919565217,901.52688636364,938.73071428571,922.43827777778
Antigua and Barbuda,ATG,"Official exchange rate, LCU per USD, period average,,",DPANUSLCU,2.7,2.7,2.7,2.7,2.7,2.7,2.7,2.7,2.7,2.7,2.7
Argentina,ARG,"Official exchange rate, LCU per USD, period average,,",DPANUSLCU,896.41849244369,817.97202173913,834.72147619048,850.90339047619,867.81315,886.48756521739,904.0928,922.31539130435,941.66061363636,960.57807142857,977.64044444444
Armenia,ARM,"Official exchange rate, LCU per USD, period average,,",DPANUSLCU,393.33777777778,404.96,404.27,400.42,390.99,387.82,388.06,388.07,388.08,387.37,..
Aruba,ABW,"Official exchange rate, LCU per USD, period average,,",DPANUSLCU,1.79,1.79,1.79,1.79,1.79,1.79,1.79,1.79,1.79,1.79,1.79
Australia,AUS,"Official exchange rate, LCU per USD, period average,,",DPANUSLCU,1.50765273678,1.50240615945,1.5319736862,1.52489791217,1.53644406239,1.51055878124,1.50526666922,1.49842903664,1.5051716925,1.47819737046,1.48318199755
Austria,AUT,"Official exchange rate, LCU per USD, period average,,",DPANUSLCU,12.65368583935,12.60408695652,12.75123809524,12.65261904762,12.82906818182,12.73523913043,12.787,12.68873913043,12.49059090909,12.39461904762,12.60365789474
Azerbaijan,AZE,"Official exchange rate, LCU per USD, period average,,",DPANUSLCU,1.70019401067,1.6997826087,1.70016666667,1.70026190476,1.70063636364,1.70069565217,1.7001,1.70065217391,1.69975,1.7,1.69989473684
Bahamas The,BHS,"Official exchange rate, LCU per USD, period average,,",DPANUSLCU,1,1,1,1,1,1,1,1,1,1,1
Bahrain,BHR,"Official exchange rate, LCU per USD, period average,,",DPANUSLCU,0.378,0.378,0.378,0.378,0.378,0.378,0.378,0.378,0.378,0.378,..
Bangladesh,BGD,"Official exchange rate, LCU per USD, period average,,",DPANUSLCU,114.58740001615,109.63160869565,109.61619047619,109.63114285714,109.57006818182,114.93680434783,117.5109,117.57343478261,118.30665909091,119.52392857143,119.5732631579
Barbados,BRB,"Official exchange rate, LCU per USD, period average,,",DPANUSLCU,2,2,2,2,2,2,2,2,2,2,2
Belarus,BLR,"Official exchange rate, LCU per USD, period average,,",DPANUSLCU,3.37933652591,3.34636867562,3.40439209213,3.40966694818,3.43709619962,3.39067746641,3.36535815739,3.35058856046,3.33054410749,..,..
Belgium,BEL,"Official exchange rate, LCU per USD, period average,,",DPANUSLCU,37.0957356074,36.9502173913,37.38185714286,37.09285714286,37.60977272727,37.33473913043,37.48655,37.19839130435,36.61734090909,36.33676190476,36.94886842105
Belize,BLZ,"Official exchange rate, LCU per USD, period average,,",DPANUSLCU,2,2,2,2,2,2,2,2,2,2,..
Benin,BEN,"Official exchange rate, LCU per USD, period average,,",DPANUSLCU,603.50111111111,601.51,607.66,603.33,611.46,606.68,609.68,604.9,595.66,590.63,..
Bermuda,BMU,"Official exchange rate, LCU per USD, period average,,",DPANUSLCU,1,1,1,1,1,1,1,1,1,1,1
Bhutan,BTN,"Official exchange rate, LCU per USD, period average,,",DPANUSLCU,83.4666672241,83.11347826087,82.9725952381,83.02013492063,83.38821212121,83.38615217391,83.477625,83.58882608696,83.90690909091,83.80297619048,84.00976315789
Bolivia,BOL,"Official exchange rate, LCU per USD, period average,,",DPANUSLCU,6.91228481116,6.91265217391,6.90742857143,6.91357142857,6.91563636364,6.9132826087,6.9127,6.90869565217,6.91390909091,6.9115,6.91347222222
Bosnia and Herzegovina,BIH,"Official exchange rate, LCU per USD, period average,,",DPANUSLCU,1.79855030536,1.79152173913,1.81247619048,1.79852380952,1.8235,1.81,1.8175,1.80356521739,1.77534090909,1.76178571429,1.79128947368
Botswana,BWA,"Official exchange rate, LCU per USD, period average,,",DPANUSLCU,13.51576643891,13.5624486905,13.68099998237,13.61488690256,13.74210449553,13.57387762986,13.61532765642,13.51796704388,13.39508168456,13.20899651727,13.24597378614
Brazil,BRA,"Official exchange rate, LCU per USD, period average,,",DPANUSLCU,5.27545647343,4.91434782609,4.96323809524,4.98111904762,5.12779545455,5.14002173913,5.4007,5.5387173913,5.55920454545,5.54014285714,5.58927777778
Brunei,BRN,"Official exchange rate, LCU per USD, period average,,",DPANUSLCU,1.33459774342,1.33473913043,1.34476190476,1.34045238095,1.35659090909,1.35160869565,1.35215,1.3465,1.31586363636,1.29604761905,1.30726315789
Bulgaria,BGR,"Official exchange rate, LCU per USD, period average,,",DPANUSLCU,1.79861889075,1.79163043478,1.81252380952,1.79857142857,1.82347727273,1.81034782609,1.81745,1.80363043478,1.77534090909,1.76169047619,1.79152631579
Burkina Faso,BFA,"Official exchange rate, LCU per USD, period average,,",DPANUSLCU,603.50111111111,601.51,607.66,603.33,611.46,606.68,609.68,604.9,595.66,590.63,..
Burundi,BDI,"Official exchange rate, LCU per USD, period average,,",DPANUSLCU,2869.78752257338,2850.22710869565,2850.75090476191,2857.26752380952,2861.89018181818,2865.97110869565,2870.4957,2873.10710869565,2879.77820454546,2888.34009523809,2900.04728947368
Cambodia,KHM,"Official exchange rate, LCU per USD, period average,,",DPANUSLCU,4082.18571428571,4085.8,4078.8,4051.2,4053.9,4080,4114.4,4111.2,..,..,..
Cameroon,CMR,"Official exchange rate, LCU per USD, period average,,",DPANUSLCU,603.50111111111,601.51,607.66,603.33,611.46,606.68,609.68,604.9,595.66,590.63,..
Canada,CAN,"Official exchange rate, LCU per USD, period average,,",DPANUSLCU,1.36125161738,1.34052173913,1.34952380952,1.3539047619,1.36663636364,1.36736956522,1.3706,1.37108695652,1.36727272727,1.35454761905,1.37105263158
Cape Verde,CPV,"Official exchange rate, LCU per USD, period average,,",DPANUSLCU,101.7220125,101.0252,102.1258,101.4389,102.7141,102.0417,102.4206,101.7292,100.2806,..,..
Cayman Islands,CYM,"Official exchange rate, LCU per USD, period average,,",DPANUSLCU,0.83333,0.83333,0.83333,0.83333,0.83333,0.83333,0.83333,0.83333,0.83333,0.83333,..
Central African Republic,CAF,"Official exchange rate, LCU per USD, period average,,",DPANUSLCU,603.20441623436,600.84182608696,607.85790476191,603.15754761905,611.56254545455,607.08841304348,609.56005,604.87130434783,595.42711363636,590.86190476191,600.81555263158
Chad,TCD,"Official exchange rate, LCU per USD, period average,,",DPANUSLCU,603.50111111111,601.51,607.66,603.33,611.46,606.68,609.68,604.9,595.66,590.63,..
Chile,CHL,"Official exchange rate, LCU per USD, period average,,",DPANUSLCU,937.34596481272,910.63804347826,966.27285714286,968.74642857143,958.45772727273,916.70717391304,927.871,935.28,928.90272727273,926.87119047619,933.7125
China,CHN,"Official exchange rate, LCU per USD, period average,,",DPANUSLCU,7.18659896513,7.16789130435,7.1940952381,7.20345238095,7.23815909091,7.23284782609,7.255725,7.26193478261,7.14890909091,7.07823809524,7.08473684211
Colombia,COL,"Official exchange rate, LCU per USD, period average,,",DPANUSLCU,4007.23860789573,3917.93565217391,3930.52619047619,3896.96119047619,3866.74727272727,3866.44217391304,4064.8625,4031.34891304348,4071.02909090909,4190.04476190476,4236.48833333333
Commodity-exporting EMDE,EDE,"Official exchange rate, LCU per USD, period average,,",DPANUSLCU,..,..,..,..,..,..,..,..,..,..,..
Commodity-importing EMDE,EDI,"Official exchange rate, LCU per USD, period average,,",DPANUSLCU,..,..,..,..,..,..,..,..,..,..,..
Commodity-importing EMDE excluding China,EDX,"Official exchange rate, LCU per USD, period average,,",DPANUSLCU,..,..,..,..,..,..,..,..,..,..,..
Comoros,COM,"Official exchange rate, LCU per USD, period average,,",DPANUSLCU,452.40305914564,450.63169565217,455.89185714286,452.36733333333,458.67154545455,455.31593478261,457.17075,453.65345652174,446.57063636364,443.14611904762,450.6112631579
Congo Dem. Rep.,COD,"Official exchange rate, LCU per USD, period average,,",DPANUSLCU,2783.01373494377,2677.95393478261,2717.84438095238,2753.66997619048,2759.78115909091,2765.33484782609,2806.47625,2833.837,2836.8795,2837.50473809524,2840.8555625
Congo Rep.,COG,"Official exchange rate, LCU per USD, period average,,",DPANUSLCU,2786.98,2697.89,2737.24,2781.42,2781.74,2791.99,2830.02,2838.8,2836.74,..,..
Costa Rica,CRI,"Official exchange rate, LCU per USD, period average,,",DPANUSLCU,517.05870782985,517.7947826087,517.04976190476,508.00428571429,503.29613636364,513.7602173913,525.5015,526.58608695652,524.00454545455,518.18976190476,516.4
Cote d'Ivoire,CIV,"Official exchange rate, LCU per USD, period average,,",DPANUSLCU,603.20441623436,600.84182608696,607.85790476191,603.15754761905,611.56254545455,607.08841304348,609.56005,604.87130434783,595.42711363636,590.86190476191,600.81555263158
Croatia,HRV,"Official exchange rate, LCU per USD, period average,,",DPANUSLCU,6.92861493843,6.90147826087,6.982,6.9280952381,7.02456818182,6.97317391304,7.0017,6.94776086957,6.83943181818,6.78680952381,6.90113157895
Cuba,CUB,"Official exchange rate, LCU per USD, period average,,",DPANUSLCU,24,24,24,24,24,24,24,24,24,24,24
Cyprus,CYP,"Official exchange rate, LCU per USD, period average,,",DPANUSLCU,0.53828468459,0.5362173913,0.54238095238,0.53830952381,0.54579545455,0.54182608696,0.5439,0.5397173913,0.53127272727,0.52719047619,0.53623684211
Czech Republic,CZE,"Official exchange rate, LCU per USD, period average,,",DPANUSLCU,23.07677691655,22.62860869565,23.379,23.25692857143,23.56536363636,22.98352173913,23.0211,23.31106521739,22.85911363636,22.60185714286,23.16121052632
Denmark,DNK,"Official exchange rate, LCU per USD, period average,,",DPANUSLCU,6.85899307929,6.83056521739,6.90857142857,6.85628571429,6.95472727273,6.90441304348,6.9315,6.87952173913,6.77306818182,6.71985714286,6.83142105263
Developing Countries,DEV,"Official exchange rate, LCU per USD, period average,,",DPANUSLCU,..,..,..,..,..,..,..,..,..,..,..
Djibouti,DJI,"Official exchange rate, LCU per USD, period average,,",DPANUSLCU,177.721,177.721,177.721,177.721,177.721,177.721,177.721,177.721,177.721,177.721,..
Dominica,DMA,"Official exchange rate, LCU per USD, period average,,",DPANUSLCU,2.7,2.7,2.7,2.7,2.7,2.7,2.7,2.7,2.7,2.7,..
Dominican Republic,DOM,"Official exchange rate, LCU per USD, period average,,",DPANUSLCU,59.19634552627,58.59739130435,58.6825952381,59.01095238095,59.02647727273,58.55545652174,59.1962,59.13006521739,59.65120454545,59.96192857143,60.15118421053
East Asia & Pacific developing,EAP,"Official exchange rate, LCU per USD, period average,,",DPANUSLCU,..,..,..,..,..,..,..,..,..,..,..
Ecuador,ECU,"Official exchange rate, LCU per USD, period average,,",DPANUSLCU,25000,25000,25000,25000,25000,25000,25000,25000,25000,25000,25000
Egypt Arab Rep.,EGY,"Official exchange rate, LCU per USD, period average,,",DPANUSLCU,44.3344559823,30.89763043478,30.89871428571,44.60492857143,47.82513636364,47.28915217391,47.71585,48.17173913043,48.92954545455,48.48104761905,48.53081578947
El Salvador,SLV,"Official exchange rate, LCU per USD, period average,,",DPANUSLCU,8.75,8.75,8.75,8.75,8.75,8.75,8.75,8.75,8.75,8.75,8.75
EMDE East Asia and Pacific,EAA,"Official exchange rate, LCU per USD, period average,,",DPANUSLCU,..,..,..,..,..,..,..,..,..,..,..
EMDE Europe and Central Asia,ECH,"Official exchange rate, LCU per USD, period average,,",DPANUSLCU,..,..,..,..,..,..,..,..,..,..,..
EMDE Latin America and the Caribbean,LAP,"Official exchange rate, LCU per USD, period average,,",DPANUSLCU,..,..,..,..,..,..,..,..,..,..,..
EMDE Middle East and North Africa,MNH,"Official exchange rate, LCU per USD, period average,,",DPANUSLCU,..,..,..,..,..,..,..,..,..,..,..
EMDE South Asia,SAP,"Official exchange rate, LCU per USD, period average,,",DPANUSLCU,..,..,..,..,..,..,..,..,..,..,..
EMDE Sub-Saharan Africa,SSP,"Official exchange rate, LCU per USD, period average,,",DPANUSLCU,..,..,..,..,..,..,..,..,..,..,..
Emerging Market and Developing Economies,EMD,"Official exchange rate, LCU per USD, period average,,",DPANUSLCU,..,..,..,..,..,..,..,..,..,..,..
Equatorial Guinea,GNQ,"Official exchange rate, LCU per USD, period average,,",DPANUSLCU,603.50111111111,601.51,607.66,603.33,611.46,606.68,609.68,604.9,595.66,590.63,..
Eritrea,ERI,"Official exchange rate, LCU per USD, period average,,",DPANUSLCU,15.075,15.075,15.075,15.075,15.075,15.075,15.075,15.075,15.075,15.075,..
Estonia,EST,"Official exchange rate, LCU per USD, period average,,",DPANUSLCU,14.38836805799,14.332,14.49928571429,14.38726190476,14.58781818182,14.48095652174,14.54,14.42815217391,14.20290909091,14.09392857143,14.33136842105
Ethiopia,ETH,"Official exchange rate, LCU per USD, period average,,",DPANUSLCU,73.41597555556,56.20395652174,56.55414285714,56.76466666667,56.90370454545,57.21473913043,57.43845,59.50230434783,101.94879545455,113.75919047619,117.86980555556
Europe and Central Asia developing,ECA,"Official exchange rate, LCU per USD, period average,,",DPANUSLCU,..,..,..,..,..,..,..,..,..,..,..
Faeroe Islands,FRO,"Official exchange rate, LCU per USD, period average,,",DPANUSLCU,..,..,..,..,..,..,..,..,..,..,..
Fiji,FJI,"Official exchange rate, LCU per USD, period average,,",DPANUSLCU,2.25018105454,2.23962139641,2.25955802301,2.25642950291,2.27752165695,2.2638428917,2.25455845077,2.25530532314,2.24255658731,2.21842123099,2.23399548221
Finland,FIN,"Official exchange rate, LCU per USD, period average,,",DPANUSLCU,5.46760520486,5.44626086957,5.50966666667,5.46707142857,5.54352272727,5.50276086957,5.5252,5.48263043478,5.39722727273,5.35573809524,5.44597368421
France,FRA,"Official exchange rate, LCU per USD, period average,,",DPANUSLCU,6.03210194414,6.00843478261,6.07866666667,6.03166666667,6.11565909091,6.07086956522,6.09565,6.04882608696,5.95429545455,5.90871428571,6.00823684211
French Polynesia,PYF,"Official exchange rate, LCU per USD, period average,,",DPANUSLCU,109.78928333333,109.42706,110.54642,109.75856,111.23634,110.36736,110.91338,110.04311,108.36336,107.44796,..
Gabon,GAB,"Official exchange rate, LCU per USD, period average,,",DPANUSLCU,603.50111111111,601.51,607.66,603.33,611.46,606.68,609.68,604.9,595.66,590.63,..
Gambia The,GMB,"Official exchange rate, LCU per USD, period average,,",DPANUSLCU,68.09102469283,66.06815217391,67.41038095238,67.8215,67.76354545455,67.82054347826,67.615525,67.97904347826,69.081,69.63471428571,69.71584210526
Georgia,GEO,"Official exchange rate, LCU per USD, period average,,",DPANUSLCU,2.71023921806,2.673,2.65233333333,2.68121428571,2.67622727273,2.7282173913,2.82635,2.7335,2.69713636364,2.70557142857,2.72884210526
Germany,DEU,"Official exchange rate, LCU per USD, period average,,",DPANUSLCU,1.79855030536,1.79152173913,1.81247619048,1.79852380952,1.8235,1.81,1.8175,1.80356521739,1.77534090909,1.76178571429,1.79128947368
Ghana,GHA,"Official exchange rate, LCU per USD, period average,,",DPANUSLCU,14.27894581959,12.04984782609,12.46166666667,12.93528571429,13.42309090909,14.21006521739,15.03275,15.42295652174,15.60461363636,15.69302380952,15.95615789474
Greece,GRC,"Official exchange rate, LCU per USD, period average,,",DPANUSLCU,313.34670242083,312.12065217391,315.7630952381,313.32107142857,317.68845454545,315.36410869565,316.649,314.21273913044,309.30693181818,306.93502380952,312.10594736842
Greenland,GRL,"Official exchange rate, LCU per USD, period average,,",DPANUSLCU,..,..,..,..,..,..,..,..,..,..,..
Grenada,GRD,"Official exchange rate, LCU per USD, period average,,",DPANUSLCU,2.7,2.7,2.7,2.7,2.7,2.7,2.7,2.7,2.7,2.7,..
Guatemala,GTM,"Official exchange rate, LCU per USD, period average,,",DPANUSLCU,7.77193970489,7.81945652174,7.80966666667,7.80507142857,7.78375,7.76926086957,7.76595,7.75869565217,7.74377272727,7.7314047619,7.73236842105
Guinea,GIN,"Official exchange rate, LCU per USD, period average,,",DPANUSLCU,8604.39861433599,8597.4399378882,8596.54619047619,8591.29166666667,8594.83409090909,8591.03108695652,8602.61375,8616.15652173913,8609.45386363636,8627.14166666667,8617.47736842105
Guinea-Bissau,GNB,"Official exchange rate, LCU per USD, period average,,",DPANUSLCU,603.503,601.512,607.665,603.334,611.457,606.681,609.682,604.898,595.665,590.633,..
Guyana,GUY,"Official exchange rate, LCU per USD, period average,,",DPANUSLCU,208.5,208.5,208.5,208.5,208.5,208.5,208.5,..,..,..,..
Haiti,HTI,"Official exchange rate, LCU per USD, period average,,",DPANUSLCU,131.78278166459,131.51006521739,131.52895238095,132.1245,132.24804545455,132.23923913044,132.26635,131.72604347826,131.42209090909,131.42121428571,131.34131578947
High Income Countries,HIY,"Official exchange rate, LCU per USD, period average,,",DPANUSLCU,..,..,..,..,..,..,..,..,..,..,..
Honduras,HND,"Official exchange rate, LCU per USD, period average,,",DPANUSLCU,24.75914234723,24.68948757764,24.68757142857,24.71280952381,24.71872727273,24.73526086957,24.734525,24.77023913043,24.78797727273,24.81621428571,24.93861111111
Hong Kong China,HKG,"Official exchange rate, LCU per USD, period average,,",DPANUSLCU,7.80775561082,7.81647826087,7.82147619048,7.82238095238,7.8305,7.8117173913,7.8096,7.80915217391,7.79506818182,7.79126190476,7.76992105263
Hungary,HUN,"Official exchange rate, LCU per USD, period average,,",DPANUSLCU,360.66259450405,349.91608695652,359.35571428571,362.89071428571,366.17477272727,358.49239130435,366.5845,362.31282608696,358.32227272727,355.59166666667,366.985
Iceland,ISL,"Official exchange rate, LCU per USD, period average,,",DPANUSLCU,137.85271215101,136.8852173913,137.75142857143,137.07023809524,140.19931818182,138.85347826087,138.69025,137.76195652174,137.64340909091,137.09071428571,136.58111111111
India,IND,"Official exchange rate, LCU per USD, period average,,",DPANUSLCU,83.46667099821,83.11334782609,82.9725952381,83.02037301587,83.3883030303,83.38619565217,83.477675,83.58873913043,83.90681818182,83.80295238095,84.00971052632
Indonesia,IDN,"Official exchange rate, LCU per USD, period average,,",DPANUSLCU,15836.3191203305,15618.4130434783,15653.5,15709.2857142857,16087.8636363636,16079.9565217391,16345.2,16250.7826086957,15759.2272727273,15321.8571428571,15537.1052631579
Iran Islamic Rep.,IRN,"Official exchange rate, LCU per USD, period average,,",DPANUSLCU,42000,42000,42000,42000,42000,42000,42000,42000,42000,42000,42000
Iraq,IRQ,"Official exchange rate, LCU per USD, period average,,",DPANUSLCU,1300,1300,1300,1300,1300,1300,1300,1300,1300,..,..
Ireland,IRL,"Official exchange rate, LCU per USD, period average,,",DPANUSLCU,0.72420309716,0.72134098836,0.72980772779,0.72411364378,0.73422843783,0.72889633432,0.73185126853,0.72625576089,0.71486856221,0.70938926361,0.72127898431
Isle of Man,IMN,"Official exchange rate, LCU per USD, period average,,",DPANUSLCU,0.78339444444,0.78751,0.7917,0.7865,0.79852,0.792,0.78676,0.77711,0.77406,0.75639,..
Israel,ISR,"Official exchange rate, LCU per USD, period average,,",DPANUSLCU,3.70756292807,3.71069565217,3.64733333333,3.63057142857,3.74488636364,3.70302173913,3.72675,3.67780434783,3.732,3.73211904762,3.77044736842
Italy,ITA,"Official exchange rate, LCU per USD, period average,,",DPANUSLCU,1780.55366307518,1773.58130434783,1794.28714285714,1780.40833333333,1805.22772727273,1792.01847826087,1799.3185,1785.475,1757.59590909091,1744.11976190476,1773.50447368421
Jamaica,JAM,"Official exchange rate, LCU per USD, period average,,",DPANUSLCU,155.76875726607,154.38973913044,155.46828571429,154.33740476191,154.50090909091,155.86082608696,155.667125,156.19773913044,156.54781818182,156.93385714286,157.78386842105
Japan,JPN,"Official exchange rate, LCU per USD, period average,,",DPANUSLCU,150.83776224355,145.78652173913,149.51238095238,149.79357142857,153.65886363636,155.95173913044,157.881,157.78152173913,146.0725,142.91452380952,149.025
Jordan,JOR,"Official exchange rate, LCU per USD, period average,,",DPANUSLCU,0.70898426135,0.7092173913,0.709,0.7090952381,0.709,0.709,0.7089,0.709,0.70895454545,0.70883333333,0.70884210526
Kazakhstan,KAZ,"Official exchange rate, LCU per USD, period average,,",DPANUSLCU,461.58742634006,451.5347826087,450.36095238095,449.86333333333,446.26431818182,442.2847826087,455.865,475.34304347826,478.75909090909,479.96738095238,485.63157894737
Kenya,KEN,"Official exchange rate, LCU per USD, period average,,",DPANUSLCU,136.01330861442,160.10760869565,152.42714285714,137.14690476191,132.07522727273,132.14043478261,129.201,129.92543478261,129.17795454546,128.95190476191,128.97947368421
Kiribati,KIR,"Official exchange rate, LCU per USD, period average,,",DPANUSLCU,1.50971777778,1.50323,1.53138,1.52463,1.53571,1.51108,1.50427,1.49854,1.50123,1.47739,..
Korea Rep.,KOR,"Official exchange rate, LCU per USD, period average,,",DPANUSLCU,1352.44535390304,1324.39739130435,1331.3780952381,1331.79166666667,1368.48681818182,1365.79,1379.2185,1382.7797826087,1352.05590909091,1331.32642857143,1357.22894736842
Kuwait,KWT,"Official exchange rate, LCU per USD, period average,,",DPANUSLCU,0.31042744118,0.31119437753,0.31153555059,0.31100404953,0.31157199638,0.31091495983,0.31024881183,0.30960594865,0.30904508848,0.30872618784,..
Kyrgyz Republic,KGZ,"Official exchange rate, LCU per USD, period average,,",DPANUSLCU,87.24261563272,89.17945652174,89.2995,89.36873809524,89.15104545455,88.3312173913,87.2238,85.43380434783,85.01893181818,84.61985714286,84.79980555556
Lao PDR,LAO,"Official exchange rate, LCU per USD, period average,,",DPANUSLCU,19959.347,19273.545,19448.524,19542.45,19821.111,19939.136,20355.1,20656.96,20637.95,..,..
Latin America & Caribbean developing,LAC,"Official exchange rate, LCU per USD, period average,,",DPANUSLCU,..,..,..,..,..,..,..,..,..,..,..
Latvia,LVA,"Official exchange rate, LCU per USD, period average,,",DPANUSLCU,0.64630738804,0.64382608696,0.65119047619,0.64614285714,0.65527272727,0.65047826087,0.65325,0.64813043478,0.63797727273,0.6330952381,0.64371052632
Lebanon,LBN,"Official exchange rate, LCU per USD, period average,,",DPANUSLCU,77994.5532367089,15036.3810869565,48720.0073809524,89539.3368253968,89533.1189393939,89515.3297826087,89519.00425,89508.2586956522,89508.6656818182,89522.8076190476,89542.6221052632
Lesotho,LSO,"Official exchange rate, LCU per USD, period average,,",DPANUSLCU,18.38365106452,18.77365217391,19.00328571429,18.86592857143,18.88495454545,18.42926086957,18.4208,18.23745652174,18.06390909091,17.6235,17.53376315789
Liberia,LBR,"Official exchange rate, LCU per USD, period average,,",DPANUSLCU,..,..,..,..,..,..,..,..,..,..,..
Libya,LBY,"Official exchange rate, LCU per USD, period average,,",DPANUSLCU,4.82525555556,4.8111,4.8375,4.8153,4.8631,4.8482,4.8563,4.8433,4.7988,4.7537,..
Lithuania,LTU,"Official exchange rate, LCU per USD, period average,,",DPANUSLCU,3.17518665973,3.16269565217,3.19966666667,3.1749047619,3.21925,3.19565217391,3.2087,3.18397826087,3.13420454545,3.11026190476,3.16255263158
Low Income Countries,LIC,"Official exchange rate, LCU per USD, period average,,",DPANUSLCU,..,..,..,..,..,..,..,..,..,..,..
Lower Middle Income Countries,LMC,"Official exchange rate, LCU per USD, period average,,",DPANUSLCU,..,..,..,..,..,..,..,..,..,..,..
Luxembourg,LUX,"Official exchange rate, LCU per USD, period average,,",DPANUSLCU,37.09576402375,36.95060869565,37.38185714286,37.09261904762,37.60977272727,37.33463043478,37.48665,37.19834782609,36.61736363636,36.33673809524,36.94905263158
Macao China,MAC,"Official exchange rate, LCU per USD, period average,,",DPANUSLCU,8.04201547302,8.05091304348,8.05619047619,8.0570952381,8.0655,8.04606521739,8.0439,8.04345652174,8.02888636364,8.0250952381,8.00305263158
Macedonia FYR,MKD,"Official exchange rate, LCU per USD, period average,,",DPANUSLCU,56.64247896245,56.46258695652,57.07995238095,56.65052380952,57.4245,56.97243478261,57.292925,56.78145652174,55.89938636364,55.47135714286,56.38966666667
Madagascar,MDG,"Official exchange rate, LCU per USD, period average,,",DPANUSLCU,4500.80166471862,4560.94173913044,4535.96095238095,4476.94380952381,4393.76,4433.20282608696,4465.7355,4494.12043478261,4555.65340909091,4526.60047619048,4565.0975
Malawi,MWI,"Official exchange rate, LCU per USD, period average,,",DPANUSLCU,1717.08766985772,1680.24084782609,1680.44616666667,1695.04290476191,1729.27938636364,1728.8185,1728.420825,1729.49736956522,1732.87688636364,1733.32628571429,1732.92752631579
Malaysia,MYS,"Official exchange rate, LCU per USD, period average,,",DPANUSLCU,4.60043819046,4.68156521739,4.76876190476,4.71811904762,4.76736363636,4.72002173913,4.710625,4.68008695652,4.41384090909,4.25952380952,4.28447368421
Maldives,MDV,"Official exchange rate, LCU per USD, period average,,",DPANUSLCU,15.32471479866,15.32052173913,15.29383333333,15.35561904762,15.35002272727,15.32886956522,15.3179,15.27813043478,15.33356818182,15.32626190476,15.34242105263
Mali,MLI,"Official exchange rate, LCU per USD, period average,,",DPANUSLCU,603.50111111111,601.51,607.66,603.33,611.46,606.68,609.68,604.9,595.66,590.63,..
Malta,MLT,"Official exchange rate, LCU per USD, period average,,",DPANUSLCU,0.39476896694,0.39322079404,0.39781433722,0.39473657772,0.4002685456,0.39731025449,0.3989297472,0.39585834796,0.38966857836,0.3866835033,0.39319898355
Mauritania,MRT,"Official exchange rate, LCU per USD, period average,,",DPANUSLCU,391.86263489209,392.32014388489,394.69424460432,393.5071942446,391.13309352518,391.52877697842,388.46223021583,391.52877697842,391.72661870504,..,..
Mauritius,MUS,"Official exchange rate, LCU per USD, period average,,",DPANUSLCU,46.41334192358,44.81932608696,46.04738095238,46.577,46.84575,46.75217391304,47.48005,47.04954347826,46.29940909091,46.04328571429,46.2195
Mexico,MEX,"Official exchange rate, LCU per USD, period average,,",DPANUSLCU,17.91854663304,17.05530434783,17.09157142857,16.77680952381,16.77238636364,16.80656521739,18.2157,18.09908695652,19.18731818182,19.58861904762,19.59210526316
Micronesia Fed. Sts.,FSM,"Official exchange rate, LCU per USD, period average,,",DPANUSLCU,1,1,1,1,1,1,1,1,1,1,..
Middle East & N. Africa developing,MNA,"Official exchange rate, LCU per USD, period average,,",DPANUSLCU,..,..,..,..,..,..,..,..,..,..,..
Middle Income Countries,MIC,"Official exchange rate, LCU per USD, period average,,",DPANUSLCU,..,..,..,..,..,..,..,..,..,..,..
Moldova,MDA,"Official exchange rate, LCU per USD, period average,,",DPANUSLCU,17.6879116531,17.66113043478,17.829,17.66552380952,17.78275,17.70319565217,17.79185,17.77834782609,17.53306818182,17.43761904762,17.69663157895
Mongolia,MNG,"Official exchange rate, LCU per USD, period average,,",DPANUSLCU,3383.74055295848,3408.2447826087,3391.29952380952,3375.62976190476,3374.66931818182,3378.29282608696,3381.26,3380.20630434783,3379.62568181818,3380.23285714286,3387.94447368421
Morocco,MAR,"Official exchange rate, LCU per USD, period average,,",DPANUSLCU,9.93313634972,9.95769565217,10.05969047619,10.05826190476,10.10763636364,9.9952173913,9.9496,9.87415217391,9.76356818182,9.72885714286,9.83668421053
Mozambique,MOZ,"Official exchange rate, LCU per USD, period average,,",DPANUSLCU,63.74346587756,63.92541304348,63.88221428571,64.07585714286,64.0165,63.72280434783,63.6389,63.68193478261,63.45763636364,63.47802380952,63.555375
Myanmar,MMR,"Official exchange rate, LCU per USD, period average,,",DPANUSLCU,2100,2100,2100,2100,..,..,..,..,..,..,..
Namibia,NAM,"Official exchange rate, LCU per USD, period average,,",DPANUSLCU,18.38366240933,18.77360869565,19.00328571429,18.86588095238,18.885,18.42926086957,18.4208,18.23745652174,18.06406818182,17.6235,17.53376315789
Nepal,NPL,"Official exchange rate, LCU per USD, period average,,",DPANUSLCU,133.53686763128,132.97223913044,132.75676190476,132.81995238095,133.41809090909,133.40441304348,133.5455,133.72782608696,134.23325,134.09114285714,134.3995
Netherlands,NLD,"Official exchange rate, LCU per USD, period average,,",DPANUSLCU,2.02651759304,2.01860869565,2.04219047619,2.02628571429,2.05459090909,2.03956521739,2.04795,2.03217391304,2.00036363636,1.985,2.01844736842
Netherlands Antilles,ANT,"Official exchange rate, LCU per USD, period average,,",DPANUSLCU,1.79,1.79,1.79,1.79,1.79,1.79,1.79,1.79,1.79,1.79,1.79
New Caledonia,NCL,"Official exchange rate, LCU per USD, period average,,",DPANUSLCU,109.78928333333,109.42706,110.54642,109.75856,111.23634,110.36736,110.91338,110.04311,108.36336,107.44796,..
New Zealand,NZL,"Official exchange rate, LCU per USD, period average,,",DPANUSLCU,1.63979382501,1.61710518988,1.63215641854,1.64370976306,1.67809595674,1.65010637803,1.63029061385,1.65682413181,1.64632213957,1.60739545941,1.63593219916
Nicaragua,NIC,"Official exchange rate, LCU per USD, period average,,",DPANUSLCU,36.81180395508,36.68423913043,36.79395238095,36.82078571429,36.82497727273,36.81710869565,36.8286,36.83002173913,36.85663636364,36.82785714286,36.83386111111
Niger,NER,"Official exchange rate, LCU per USD, period average,,",DPANUSLCU,603.50111111111,601.51,607.66,603.33,611.46,606.68,609.68,604.9,595.66,590.63,..
Nigeria,NGA,"Official exchange rate, LCU per USD, period average,,",DPANUSLCU,1459.26551586327,934.19445652174,1501.43571428571,1517.83857142857,1239.69113636364,1452.61,1498.728,1581.78760869565,1594.03795454546,1632.94619047619,1639.38552631579
Norway,NOR,"Official exchange rate, LCU per USD, period average,,",DPANUSLCU,10.6685697778,10.3822173913,10.55119047619,10.59914285714,10.89070454545,10.75241304348,10.6143,10.7852826087,10.71593181818,10.61635714286,10.77815789474
Oman,OMN,"Official exchange rate, LCU per USD, period average,,",DPANUSLCU,0.385,0.385,0.385,0.385,0.385,0.385,0.385,0.385,0.385,0.385,..
Pakistan,PAK,"Official exchange rate, LCU per USD, period average,,",DPANUSLCU,278.67361987271,280.45058695652,279.2455,278.85754761905,278.21175,278.28047826087,278.4947,278.44745652174,278.63252272727,278.34526190476,277.77039473684
Panama,PAN,"Official exchange rate, LCU per USD, period average,,",DPANUSLCU,1,1,1,1,1,1,1,1,1,1,1
Papua New Guinea,PNG,"Official exchange rate, LCU per USD, period average,,",DPANUSLCU,3.825764148,3.73016410032,3.74936120901,3.76381747411,3.78531690086,3.82159629188,3.83842295431,3.85616897245,3.88282426107,3.90553757171,3.92443174431
Paraguay,PRY,"Official exchange rate, LCU per USD, period average,,",DPANUSLCU,7507.05745647468,7283.04130434783,7285.35714285714,7317.58095238095,7402.6,7502.39565217391,7528.5375,7552.5,7587.74772727273,7758.71428571429,7852.1
Peru,PER,"Official exchange rate, LCU per USD, period average,,",DPANUSLCU,3.75298864044,3.73891304348,3.826,3.70942857143,3.71622727273,3.73269565217,3.78835,3.7602173913,3.74077272727,3.76680952381,3.75047222222
Philippines,PHL,"Official exchange rate, LCU per USD, period average,,",DPANUSLCU,57.01474125863,55.98413043478,56.03647619048,55.86426190476,56.96445454545,57.80365217391,58.70955,58.47586956522,56.99336363636,56.05028571429,57.26536842105
Poland,POL,"Official exchange rate, LCU per USD, period average,,",DPANUSLCU,3.9596360035,3.99617391304,4.008,3.9595,4.01088636364,3.96465217391,4.0156,3.94891304348,3.89522727273,3.85138095238,3.94602631579
Portugal,PRT,"Official exchange rate, LCU per USD, period average,,",DPANUSLCU,184.35896133397,183.63573913044,185.78047619048,184.345,186.91352272727,185.54597826087,186.30165,184.86869565217,181.9825,180.58726190476,183.62878947368
Qatar,QAT,"Official exchange rate, LCU per USD, period average,,",DPANUSLCU,3.673,3.673,3.673,3.673,3.673,3.673,3.673,3.673,3.673,3.673,..
Romania,ROU,"Official exchange rate, LCU per USD, period average,,",DPANUSLCU,4.57442668128,4.55697826087,4.61023809524,4.57028571429,4.63620454545,4.60473913043,4.6246,4.58593478261,4.51740909091,4.48066666667,4.55721052632
Russian Federation,RUS,"Official exchange rate, LCU per USD, period average,,",DPANUSLCU,90.92084614797,89.4297826087,91.7654047619,91.84630952381,93.03927272727,90.92036956522,87.855725,87.52139130435,89.31734090909,91.28730952381,96.22555555556
Rwanda,RWA,"Official exchange rate, LCU per USD, period average,,",DPANUSLCU,1304.22143754673,1267.775,1274.66785714286,1284.47985714286,1291.02422727273,1297.50310869565,1304.5344,1311.31893478261,1322.45072727273,1336.5005,1351.95976315789
Samoa,WSM,"Official exchange rate, LCU per USD, period average,,",DPANUSLCU,2.72768796058,2.70956548423,2.73617122136,2.73093819709,2.7523387921,2.73267506248,2.72408555345,2.73104539277,2.73715910238,2.70744253687,2.71545826307
San Marino,SMR,"Official exchange rate, LCU per USD, period average,,",DPANUSLCU,0.92,0.92,0.93,0.92,0.93,0.92,0.93,0.92,0.91,0.9,..
Sao Tome and Principe,STP,"Official exchange rate, LCU per USD, period average,,",DPANUSLCU,22.6366,22.451,22.698,22.539,22.822,22.673,..,..,..,..,..
Saudi Arabia,SAU,"Official exchange rate, LCU per USD, period average,,",DPANUSLCU,3.75164085698,3.7502173913,3.75023809524,3.75047619048,3.751,3.751,3.75145,3.75130434783,3.75293181818,3.75273809524,3.75505263158
Senegal,SEN,"Official exchange rate, LCU per USD, period average,,",DPANUSLCU,603.50111111111,601.51,607.66,603.33,611.46,606.68,609.68,604.9,595.66,590.63,..
Serbia and Montenegro,YUG,"Official exchange rate, LCU per USD, period average,,",DPANUSLCU,107.69445525177,107.3692173913,108.59233333333,107.77638095238,109.21184090909,108.394,108.78725,107.9437826087,106.22872727273,105.44580952381,107.19521052632
Seychelles,SYC,"Official exchange rate, LCU per USD, period average,,",DPANUSLCU,13.99519542636,13.88480434783,13.85619047619,14.01669047619,13.98368181818,14.04739130435,14.1569,14.20082608696,14.01247727273,13.83007142857,13.96292105263
Sierra Leone,SLE,"Official exchange rate, LCU per USD, period average,,",DPANUSLCU,22606.3971150067,22648.7707173913,22631.602,22620.9632857143,22617.5273863636,22641.6543913044,22544.10765,22535.9056304348,22537.7703181818,22585.7814285714,22699.8883421053
Singapore,SGP,"Official exchange rate, LCU per USD, period average,,",DPANUSLCU,1.33459339559,1.33469565217,1.34476190476,1.34045238095,1.35659090909,1.35160869565,1.35215,1.3465,1.31586363636,1.29604761905,1.30726315789
Slovak Republic,SVK,"Official exchange rate, LCU per USD, period average,,",DPANUSLCU,27.70329740215,27.59469565217,27.91695238095,27.70121428571,28.08702272727,27.88173913043,27.99515,27.7797826087,27.34615909091,27.13654761905,27.59371052632
Slovenia,SVN,"Official exchange rate, LCU per USD, period average,,",DPANUSLCU,220.36797894831,219.504,222.06771428571,220.35092857143,223.42118181818,221.78697826087,222.6901,220.97717391304,217.52711363636,215.85930952381,219.49528947368
Solomon Islands,SLB,"Official exchange rate, LCU per USD, period average,,",DPANUSLCU,8.27674133955,8.25602214166,8.27850179839,8.26847091524,8.30270480129,8.32467610018,8.30245734657,8.30666078864,8.28037567948,8.22580714533,8.22173667868
Somalia,SOM,"Official exchange rate, LCU per USD, period average,,",DPANUSLCU,..,..,..,..,..,..,..,..,..,..,..
South Africa,ZAF,"Official exchange rate, LCU per USD, period average,,",DPANUSLCU,18.38371447784,18.77413043478,19.00333333333,18.86611904762,18.88488636364,18.4292173913,18.42085,18.23745652174,18.06384090909,17.62354761905,17.53376315789
South Asia developing,SAS,"Official exchange rate, LCU per USD, period average,,",DPANUSLCU,..,..,..,..,..,..,..,..,..,..,..
Spain,ESP,"Official exchange rate, LCU per USD, period average,,",DPANUSLCU,153.00507861625,152.40617391304,154.18504761905,152.99304761905,155.12520454546,153.99017391304,154.6175,153.42784782609,151.0325,149.87423809524,152.39905263158
Sri Lanka,LKA,"Official exchange rate, LCU per USD, period average,,",DPANUSLCU,303.64962642278,320.39434782609,311.74714285714,304.78071428571,298.95818181818,299.28456521739,303.7025,303.36391304348,300.18159090909,300.75357142857,293.32973684211
St. Kitts and Nevis,KNA,"Official exchange rate, LCU per USD, period average,,",DPANUSLCU,2.7,2.7,2.7,2.7,2.7,2.7,2.7,2.7,2.7,2.7,..
St. Lucia,LCA,"Official exchange rate, LCU per USD, period average,,",DPANUSLCU,2.7,2.7,2.7,2.7,2.7,2.7,2.7,2.7,2.7,2.7,..
St. Vincent and the Grenadines,VCT,"Official exchange rate, LCU per USD, period average,,",DPANUSLCU,2.7,2.7,2.7,2.7,2.7,2.7,2.7,2.7,2.7,2.7,..
Sub-Saharan Africa developing,SST,"Official exchange rate, LCU per USD, period average,,",DPANUSLCU,..,..,..,..,..,..,..,..,..,..,..
Sudan,SDN,"Official exchange rate, LCU per USD, period average,,",DPANUSLCU,..,..,..,..,..,..,..,..,..,..,..
Suriname,SUR,"Official exchange rate, LCU per USD, period average,,",DPANUSLCU,32.69856093419,36.75056521739,36.30492857143,35.16852380952,34.52388636364,32.76289130435,31.4497,29.71443478261,28.89906818182,29.51683333333,31.89477777778
Swaziland,SWZ,"Official exchange rate, LCU per USD, period average,,",DPANUSLCU,18.383703321,18.77417391304,19.00328571429,18.86602380952,18.88484090909,18.4292173913,18.42085,18.23745652174,18.06393181818,17.6235952381,17.53365789474
Sweden,SWE,"Official exchange rate, LCU per USD, period average,,",DPANUSLCU,10.48798489504,10.33313043478,10.42338095238,10.39,10.80254545455,10.75984782609,10.49,10.62726086957,10.40372727273,10.22716666667,10.42278947368
Switzerland,CHE,"Official exchange rate, LCU per USD, period average,,",DPANUSLCU,0.87909813996,0.85743478261,0.87676190476,0.88802380952,0.90952272727,0.90984782609,0.89355,0.89223913043,0.85729545455,0.8465952381,0.85971052632
Syrian Arab Republic,SYR,"Official exchange rate, LCU per USD, period average,,",DPANUSLCU,..,..,..,..,..,..,..,..,..,..,..
Taiwan China,TWN,"Official exchange rate, LCU per USD, period average,,",DPANUSLCU,32.03734954867,31.19173913043,31.44411904762,31.69761904762,32.33163636364,32.33345652174,32.3782,32.65995652174,32.26709090909,31.97130952381,32.09836842105
Tajikistan,TJK,"Official exchange rate, LCU per USD, period average,,",DPANUSLCU,10.8158,10.9556,10.9568,10.9563,10.9365,10.8684,10.7165,10.6587,10.6342,10.6592,..
Tanzania,TZA,"Official exchange rate, LCU per USD, period average,,",DPANUSLCU,2619.2081045878,2518.92978260869,2537.37238095238,2549.80428571429,2578.45340909091,2593.07804347826,2614.69475,2660.20152173913,2699.04318181818,2717.38452380952,2723.11916666667
Thailand,THA,"Official exchange rate, LCU per USD, period average,,",DPANUSLCU,35.47427260424,35.13213043478,35.85185714286,35.94304761905,36.76061363636,36.64191304348,36.72915,36.25445652174,34.7675,33.35695238095,33.30510526316
Timor-Leste,TLS,"Official exchange rate, LCU per USD, period average,,",DPANUSLCU,..,..,..,..,..,..,..,..,..,..,..
Togo,TGO,"Official exchange rate, LCU per USD, period average,,",DPANUSLCU,603.50111111111,601.51,607.66,603.33,611.46,606.68,609.68,604.9,595.66,590.63,..
Tonga,TON,"Official exchange rate, LCU per USD, period average,,",DPANUSLCU,2.34547255394,2.34108245469,2.35251525871,2.35217333028,2.36269007156,2.35092353374,2.338722462,2.35564292121,2.34360596087,2.32425574307,2.33311380329
Trinidad and Tobago,TTO,"Official exchange rate, LCU per USD, period average,,",DPANUSLCU,6.77052702083,6.76893478261,6.77066666667,6.7730952381,6.77031818182,6.76917391304,6.7714,6.76682608696,6.77045454545,6.77476190476,6.76963888889
Tunisia,TUN,"Official exchange rate, LCU per USD, period average,,",DPANUSLCU,3.10253437338,3.10073913043,3.12676190476,3.10742857143,3.13852272727,3.12439130435,3.12895,3.1117826087,3.06890909091,3.0410952381,3.07676315789
Turkey,TUR,"Official exchange rate, LCU per USD, period average,,",DPANUSLCU,32.50616593485,30.07386956522,30.8070952381,32.05383333333,32.36986363636,32.26136956522,32.585,32.91097826087,33.68875,34.06145238095,34.24944736842
Turkmenistan,TKM,"Official exchange rate, LCU per USD, period average,,",DPANUSLCU,..,..,..,..,..,..,..,..,..,..,..
Uganda,UGA,"Official exchange rate, LCU per USD, period average,,",DPANUSLCU,3774.61728271865,3805.43826086957,3875.05761904762,3893.8,3822.465,3790.73739130435,3750.1705,3705.7652173913,3722.35386363636,3711.62023809524,3668.7647368421
Ukraine,UKR,"Official exchange rate, LCU per USD, period average,,",DPANUSLCU,39.90677769308,37.89004347826,38.04888095238,38.72911904762,39.39429545455,39.78008695652,40.498,41.00417391304,41.21911363636,41.27061904762,41.23344444444
United Arab Emirates,ARE,"Official exchange rate, LCU per USD, period average,,",DPANUSLCU,3.673,3.673,3.673,3.673,3.673,3.673,3.673,3.673,3.673,3.673,..
United Kingdom,GBR,"Official exchange rate, LCU per USD, period average,,",DPANUSLCU,0.78151181034,0.78684161578,0.79195104864,0.78633905592,0.79888767359,0.7917203401,0.78654441412,0.77761265327,0.77326954393,0.75720882777,0.76474293032
United States,USA,"Official exchange rate, LCU per USD, period average,,",DPANUSLCU,1,1,1,1,1,1,1,1,1,1,1
Upper Middle Income Countries,UMC,"Official exchange rate, LCU per USD, period average,,",DPANUSLCU,..,..,..,..,..,..,..,..,..,..,..
Uruguay,URY,"Official exchange rate, LCU per USD, period average,,",DPANUSLCU,39.58360658542,39.13102173913,39.10704761905,38.40121428571,38.44036363636,38.49269565217,39.21535,40.12597826087,40.32129545455,41.04407142857,41.55702777778
Uzbekistan,UZB,"Official exchange rate, LCU per USD, period average,,",DPANUSLCU,12612.2063817931,12394.4711594203,12472.4995238095,12548.1288095238,12666.8756818182,12683.0297826087,12625.8385,12596.845,12634.8565909091,12714.3523809524,12785.1663888889
Vanuatu,VUT,"Official exchange rate, LCU per USD, period average,,",DPANUSLCU,120.42262657632,119.89673913044,121.29952380952,120.96214285714,121.82454545455,120.61369565217,120.2775,120.33695652174,120.36659090909,119.08023809524,119.56833333333
Venezuela RB,VEN,"Official exchange rate, LCU per USD, period average,,",DPANUSLCU,9338.98326951014,19636.5835554107,16072.9196362451,12671.240440678,9188.56888331159,5543.9126023468,2061.24104498043,198.41672359844,..,..,..
Vietnam,VNM,"Official exchange rate, LCU per USD, period average,,",DPANUSLCU,24978.3671040249,24475.7453416149,24497.1666666667,24723.2380952381,25167.9318181818,25437.152173913,25441.25,25375,25027.8636363636,24646.4285714286,24991.8947368421
Virgin Islands (U.S.),VIR,"Official exchange rate, LCU per USD, period average,,",DPANUSLCU,..,..,..,..,..,..,..,..,..,..,..
World,WLT,"Official exchange rate, LCU per USD, period average,,",DPANUSLCU,..,..,..,..,..,..,..,..,..,..,..
Yemen Rep.,YEM,"Official exchange rate, LCU per USD, period average,,",DPANUSLCU,250.26769633592,250.25619565217,250.24330952381,250.26921428571,250.276,250.26386956522,250.290425,250.2677826087,250.27134090909,250.26340476191,250.27542105263
Zambia,ZMB,"Official exchange rate, LCU per USD, period average,,",DPANUSLCU,25.86583099094,26.28347826087,25.25004761905,24.82742857143,25.40088636364,26.48334782609,25.954275,25.50286956522,26.07606818182,26.38861904762,26.49128947368
Zimbabwe,ZWE,"Official exchange rate, LCU per USD, period average,,",DPANUSLCU,21708.4776923657,8310.85110869565,12476.3324285714,18457.0986666667,29404.037,30700.1340596565,30902.4128906037,..,..,..,..
,,,,,,,,,,,,,,
,,,,,,,,,,,,,,
,,,,,,,,,,,,,,
Data from database: Global Economic Monitor (GEM),,,,,,,,,,,,,,
Last Updated: 10/25/2024,,,,,,,,,,,,,,
